Lamorna,
Mousehole,
Newlyn,
Penzance,
Marazion,s
St Michealâ€™s Mount,
Porthleven,
Mullion Cove,
Cadgwith,
Coverack,
Porthoustock,
Helford,
Gweek,
Falmouth,
Penrye,
Place Creek,
St Mawes,
Portscatho,
Portloe,
Gorran Haven,
Mevagissey,
Polkerris,
Par,
Fowey,
Polruah,
Polperro,
Looe,
Portwrinkle,
Millbay Docks,
Sutton,
Plymouth,
Newton Ferrers,
Hope Cove,
Salcombe,
Dartmouth,
Totnes,
Brixham,
Paigton,
Torquay,
Babbacombe,
Teignmouth,
Dawlish,
Cockwood,
Starcross,
Topsham,
Exeter,
Lympstone,
Exmouth,
Axmouth,
Lyme Regis,
Bridport,
Portland,
Weymouth,
Swanage,
Brownsea Island,
Pottery Place,
Poole,
Christchurch,
Keyhaven,
Yarmouth,
Lymington,
Beaulieu,
Ashlett Creek,
Marchwood,
Elling,
Southampton,
Hamble,
Hillhead,
Portsmouth,
Langstone,
Chichester,
Littlehampton,
Shoreham,
Brighton,
Newhaven,
Eastbourne,
Rye,
Folkestone,
Dover,
Sandwich,
Ramsgate,
Broadstairs,
Margate,
Herne Bay,
Whitstable,
Faversham,
Ridham Dock,
Gillingham,
Chatham,
Rochester,
Kingsnorth,
Queenborough,
Dartford,
London